method,group,n_clips,n_valid,n_failed,mae_mean,mae_std,mae_median,rmse,bias,loa_low,loa_high,pearson_r,ccc,within_2bpm_pct,within_5bpm_pct,within_10bpm_pct,mean_snr_db,bvp_pearson,bvp_pearson_pos_pct
POS,p02,216,216,0,5.732,8.915,2.279,10.599,-2.238,-22.591,18.114,0.4332,0.3968,45.4,75.0,83.8,1.44,0.1025,67.6
POS,p03,12,12,0,21.532,17.159,17.519,27.533,-16.137,-61.806,29.531,0.0291,0.0187,16.7,16.7,25.0,0.9,0.0052,58.3
POS,p04,12,12,0,25.374,15.535,21.708,29.752,-17.294,-66.854,32.266,-0.0037,-0.0025,0.0,8.3,16.7,-0.37,0.0063,50.0
POS,p05,9,9,0,38.162,23.147,32.84,44.634,-38.162,-86.283,9.959,0.0625,0.0159,0.0,0.0,22.2,1.31,0.0246,44.4
POS,p06,284,284,0,8.921,15.13,2.739,17.564,2.479,-31.663,36.621,0.0887,0.0804,39.8,69.7,80.3,1.6,-0.112,25.7
POS,p07,284,284,0,14.17,20.097,3.442,24.591,3.066,-44.84,50.972,0.0744,0.0722,34.5,61.6,69.4,1.23,0.169,90.5
POS,p11,284,284,0,9.745,13.524,3.42,16.67,4.659,-26.767,36.085,0.1962,0.0896,33.1,61.3,74.3,0.12,-0.0191,44.0
POS,p12,284,284,0,6.78,9.159,3.245,11.395,0.448,-21.909,22.804,0.4679,0.3648,32.7,66.5,81.3,0.63,-0.1112,17.3
POS,p14,142,142,0,10.348,11.327,5.477,15.342,1.936,-27.999,31.872,0.1308,0.0679,26.1,45.1,65.5,0.05,0.056,70.4
CHROM,p02,216,216,0,6.657,10.544,2.343,12.47,-0.759,-25.211,23.693,0.3577,0.315,46.3,69.4,82.4,1.33,-0.0939,31.5
CHROM,p03,12,12,0,17.415,14.569,12.707,22.705,-11.891,-51.488,27.705,0.2422,0.1788,0.0,16.7,41.7,0.36,0.0182,66.7
CHROM,p04,12,12,0,26.454,15.795,22.937,30.811,-16.06,-69.888,37.768,-0.0804,-0.0567,0.0,8.3,16.7,-0.59,-0.0144,33.3
CHROM,p05,9,9,0,42.298,24.005,51.696,48.635,-42.298,-92.201,7.606,-0.2836,-0.0435,0.0,0.0,11.1,2.13,-0.0037,44.4
CHROM,p06,284,284,0,10.99,16.83,3.74,20.101,3.98,-34.706,42.666,0.0375,0.0313,31.7,60.2,75.7,1.06,0.099,71.1
CHROM,p07,284,284,0,14.942,20.358,4.159,25.253,3.866,-45.132,52.864,0.0548,0.0525,32.7,55.3,68.3,0.98,-0.1471,13.7
CHROM,p11,284,284,0,12.268,15.137,5.409,19.485,6.431,-29.683,42.544,0.1798,0.0703,24.6,47.9,69.0,-0.31,0.0038,52.5
CHROM,p12,284,284,0,7.623,10.253,3.476,12.776,2.179,-22.539,26.897,0.3424,0.2564,30.6,63.7,79.9,0.3,0.1068,83.8
CHROM,p14,142,142,0,15.311,16.198,7.175,22.289,8.074,-32.791,48.938,0.094,0.0328,17.6,36.6,56.3,-0.56,-0.0431,33.1
DEEP,p02,216,216,0,27.068,7.676,26.399,28.135,-27.068,-42.149,-11.987,0.2166,0.0016,0.0,0.0,0.5,1.15,-0.0098,44.0
DEEP,p03,12,12,0,32.942,17.627,29.587,37.361,-32.942,-69.026,3.143,0.4429,0.0045,0.0,8.3,8.3,1.05,-0.0087,50.0
DEEP,p04,12,12,0,35.19,16.448,33.996,38.844,-35.19,-68.862,-1.518,0.0511,0.0004,0.0,0.0,8.3,1.34,0.0064,58.3
DEEP,p05,9,9,0,61.508,20.171,70.952,64.731,-61.508,-103.441,-19.574,-0.4254,-0.001,0.0,0.0,0.0,1.08,-0.0037,77.8
DEEP,p06,284,284,0,14.212,10.049,12.813,17.406,-14.212,-33.943,5.52,0.0485,0.0005,1.8,10.6,34.5,1.73,-0.021,47.2
DEEP,p07,284,284,0,16.06,16.303,8.484,22.885,-16.06,-48.07,15.95,-0.1998,-0.0027,0.0,18.0,55.6,1.61,0.0045,40.5
DEEP,p11,284,284,0,27.544,4.308,27.648,27.879,-27.544,-36.002,-19.086,-0.1882,-0.0003,0.0,0.0,0.0,0.8,0.0049,50.0
DEEP,p12,284,284,0,29.774,6.185,30.352,30.41,-29.774,-41.917,-17.631,0.0193,0.0,0.0,0.0,1.1,1.17,-0.0193,45.4
DEEP,p14,142,142,0,26.387,4.315,26.216,26.738,-26.387,-34.875,-17.9,0.0953,0.0001,0.0,0.0,0.0,1.51,-0.0005,54.9
FUSION,p02,216,216,0,6.017,8.999,2.429,10.825,-3.702,-23.686,16.282,0.3967,0.3519,46.3,71.3,82.4,1.49,,
FUSION,p03,12,12,0,21.812,17.274,18.183,27.823,-16.344,-62.44,29.753,0.0272,0.0176,0.0,16.7,25.0,0.63,,
FUSION,p04,12,12,0,26.602,15.4,22.012,30.738,-17.286,-69.319,34.746,-0.0369,-0.0247,0.0,8.3,16.7,-0.33,,
FUSION,p05,9,9,0,42.129,24.358,53.772,48.664,-42.129,-92.766,8.509,-0.3371,-0.0517,0.0,0.0,11.1,1.73,,
FUSION,p06,284,284,0,8.722,14.267,3.393,16.722,0.422,-32.401,33.244,0.0578,0.0548,35.2,63.4,81.0,1.47,,
FUSION,p07,284,284,0,12.167,17.482,3.887,21.299,-0.292,-42.108,41.525,0.1685,0.1684,28.9,57.7,71.5,1.2,,
FUSION,p11,284,284,0,9.002,11.88,4.052,14.905,0.118,-29.147,29.383,0.1781,0.0936,25.7,56.3,75.4,0.13,,
FUSION,p12,284,284,0,6.279,7.479,3.431,9.765,-2.183,-20.872,16.505,0.5137,0.4247,31.7,65.1,82.4,0.6,,
FUSION,p14,142,142,0,10.896,11.234,5.97,15.65,-0.512,-31.278,30.254,0.1037,0.0537,21.8,39.4,66.2,0.07,,
