method,group,n_clips,n_valid,n_failed,mae_mean,mae_std,mae_median,rmse,mape_pct,bias,loa_low,loa_high,pearson_r,ccc,within_2bpm_pct,within_5bpm_pct,within_10bpm_pct,mean_snr_db,bvp_pearson,coverage_pct
POS,Type III (skin_label=2),4922,4922,0,15.25,16.372,7.884,22.374,18.343,-1.84,-45.549,41.869,0.182,0.1751,19.8,39.2,54.9,0.25,0.0741,
POS,Type IV (skin_label=3),966,966,0,18.577,17.252,13.291,25.352,19.32,-9.075,-55.497,37.347,0.2205,0.193,14.7,32.9,45.9,-0.07,0.0366,
POS,Type V (skin_label=4),1518,1518,0,19.307,17.097,14.841,25.789,22.387,-2.855,-53.107,47.398,0.1469,0.1425,12.6,26.4,41.2,-0.18,0.074,
POS,Type VI (skin_label=5),920,920,0,21.107,15.713,18.977,26.314,23.576,-4.076,-55.056,46.904,0.0314,0.028,8.0,18.5,32.1,-0.6,0.0009,
CHROM,Type III (skin_label=2),4922,4922,0,15.812,16.481,8.733,22.839,19.035,-1.605,-46.264,43.053,0.1568,0.1507,17.8,37.0,53.0,0.13,-0.0676,
CHROM,Type IV (skin_label=3),966,966,0,19.385,17.169,15.667,25.895,20.37,-9.506,-56.741,37.729,0.1997,0.1729,12.7,29.2,43.9,-0.18,-0.026,
CHROM,Type V (skin_label=4),1518,1518,0,19.878,17.459,15.352,26.457,22.994,-3.278,-54.75,48.194,0.0803,0.0779,10.8,26.0,39.9,-0.15,-0.0734,
CHROM,Type VI (skin_label=5),920,920,0,21.911,15.925,19.751,27.087,24.459,-4.302,-56.748,48.144,0.006,0.0053,6.7,16.2,30.8,-0.6,0.0087,
DEEP,Type III (skin_label=2),4922,4922,0,28.223,15.032,25.672,31.976,32.084,-28.205,-57.736,1.326,-0.0175,-0.0005,0.8,4.1,8.2,1.19,0.0082,
DEEP,Type IV (skin_label=3),966,966,0,38.527,16.834,41.428,42.044,39.285,-38.51,-71.597,-5.423,-0.0611,-0.0017,0.3,1.3,6.2,1.24,0.0099,
DEEP,Type V (skin_label=4),1518,1518,0,32.344,17.548,29.118,36.798,34.881,-32.338,-66.767,2.091,-0.0362,-0.0004,0.8,2.9,6.1,1.13,0.0005,
DEEP,Type VI (skin_label=5),920,920,0,36.698,14.411,36.944,39.426,38.88,-36.685,-65.01,-8.36,-0.2631,-0.0024,0.2,0.5,2.8,1.06,-0.0053,
FUSION,Type III (skin_label=2),4922,4922,0,15.248,15.98,8.448,22.088,17.842,-6.007,-47.672,35.657,0.1653,0.1528,18.8,37.6,53.8,0.43,,
FUSION,Type IV (skin_label=3),966,966,0,20.288,17.482,17.221,26.781,20.822,-13.637,-58.836,31.562,0.2054,0.1585,12.7,28.7,41.3,0.13,,
FUSION,Type V (skin_label=4),1518,1518,0,19.451,17.267,15.047,26.01,21.896,-7.589,-56.367,41.188,0.1103,0.1012,11.4,27.1,40.2,0.11,,
FUSION,Type VI (skin_label=5),920,920,0,22.047,15.414,20.616,26.901,24.136,-9.748,-58.918,39.421,-0.0012,-0.0009,7.2,15.7,27.1,-0.3,,
